model name,trial,rubric items deducted
Claude Opus 4,1,"1a,1b,2a"
Claude Opus 4,2,2a
Claude Opus 4,3,2a
Claude Opus 4.1,1,2a
Claude Opus 4.1,2,"1a,2b"
Claude Opus 4.1,3,"1a,2a,2b"
Claude Sonnet 3.7,1,2a
Claude Sonnet 3.7,2,"1b,2a"
Claude Sonnet 3.7,3,2a
Claude Sonnet 4,1,"1b,2a"
Claude Sonnet 4,2,2a
Claude Sonnet 4,3,"2a,2b"
Deepseek-R1,1,"1a,2a"
Deepseek-R1,2,2a
Deepseek-R1,3,2a
Gemini 2.0 Flash,1,2a
Gemini 2.0 Flash,2,2a
Gemini 2.0 Flash,3,2a
Gemini 2.5 Flash,1,2a
Gemini 2.5 Flash,2,"1b,2a"
Gemini 2.5 Flash,3,2a
Gemini 2.5 Pro,1,2a
Gemini 2.5 Pro,2,"1b,2a,2b"
Gemini 2.5 Pro,3,"1b,2a,2b"
Gpt-4.1,1,2a
Gpt-4.1,2,"1b,2a"
Gpt-4.1,3,2a
Gpt-5,1,
Gpt-5,2,1b
Gpt-5,3,1b
gpt-oss-120,1,"1b,2a"
gpt-oss-120,2,"1b,2a"
gpt-oss-120,3,"1b,2a"
gpt-oss-20,1,2a
gpt-oss-20,2,"1b,2a"
gpt-oss-20,3,
o3,1,"1b,2a,2b"
o3,2,
o3,3,
Grok 3,1,"1b,2a"
Grok 3,2,"1b,2a"
Grok 3,3,"1b,2a"
Grok 4,1,2a
Grok 4,2,2a
Grok 4,3,2a
Llama3.3 70,1,2a
Llama3.3 70,2,2a
Llama3.3 70,3,2a
Llama 4 Scout,1,"1a,2a"
Llama 4 Scout,2,"1a,2a"
Llama 4 Scout,3,"1a,2a"
Mistral Large,1,2a
Mistral Large,2,"1a,2a"
Mistral Large,3,"1a,2a"
Qwen 3,1,2a
Qwen 3,2,2a
Qwen 3,3,2a
Qwen 3 Coder,1,2a
Qwen 3 Coder,2,"1a,2a,2b"
Qwen 3 Coder,3,"1a,1b,2a"